archivo,ruta,tamano_mb,encoding_detectado,num_snapshots,primer_timestamp,ultimo_timestamp,min_estaciones,max_estaciones,campos_estacion,num_estaciones_unicas_muestra,errores_parseo,anio,mes
201807.json,C:\Users\ajolote-casa-w\Downloads\bicimad_data\bicimad_2018\stations\201807.json,70.56,latin-1,744,2018-07-01T00:27:38.220760,2018-07-31T23:58:29.692908,172,172,activate|address|dock_bikes|free_bases|id|latitude|light|longitude|name|no_available|number|reservations_count|total_bases,172,0,2018,7
201808.json,C:\Users\ajolote-casa-w\Downloads\bicimad_data\bicimad_2018\stations\201808.json,35.93,latin-1,755,2018-08-01T00:58:32.872907,2018-08-31T23:21:03.746689,172,172,activate|address|dock_bikes|free_bases|id|latitude|light|longitude|name|no_available|number|reservations_count|total_bases,172,0,2018,8
201809.json,C:\Users\ajolote-casa-w\Downloads\bicimad_data\bicimad_2018\stations\201809.json,34.21,latin-1,719,2018-09-01T00:21:08.052690,2018-09-30T23:42:38.647290,172,172,activate|address|dock_bikes|free_bases|id|latitude|light|longitude|name|no_available|number|reservations_count|total_bases,172,0,2018,9
201810.json,C:\Users\ajolote-casa-w\Downloads\bicimad_data\bicimad_2018\stations\201810.json,35.45,latin-1,745,2018-10-01T00:42:39.607459,2018-10-31T23:05:31.248062,172,172,activate|address|dock_bikes|free_bases|id|latitude|light|longitude|name|no_available|number|reservations_count|total_bases,172,0,2018,10
201811.json,C:\Users\ajolote-casa-w\Downloads\bicimad_data\bicimad_2018\stations\201811.json,34.55,latin-1,726,2018-11-01T00:05:32.277622,2018-11-30T23:30:10.344462,172,172,activate|address|dock_bikes|free_bases|id|latitude|light|longitude|name|no_available|number|reservations_count|total_bases,172,0,2018,11
201812.json,C:\Users\ajolote-casa-w\Downloads\bicimad_data\bicimad_2018\stations\201812.json,35.02,latin-1,736,2018-12-01T00:30:12.524146,2018-12-31T23:50:22.653112,172,172,activate|address|dock_bikes|free_bases|id|latitude|light|longitude|name|no_available|number|reservations_count|total_bases,172,0,2018,12
201901.json,C:\Users\ajolote-casa-w\Downloads\bicimad_data\bicimad_2019\stations\201901.json,35.26,latin-1,741,2019-01-01T00:50:23.009468,2019-02-01T00:09:49.710164,172,172,activate|address|dock_bikes|free_bases|id|latitude|light|longitude|name|no_available|number|reservations_count|total_bases,172,0,2019,1
201902.json,C:\Users\ajolote-casa-w\Downloads\bicimad_data\bicimad_2019\stations\201902.json,31.88,latin-1,670,2019-02-01T00:09:49.710164,2019-02-28T23:28:31.631050,172,172,activate|address|dock_bikes|free_bases|id|latitude|light|longitude|name|no_available|number|reservations_count|total_bases,172,0,2019,2
201903.json,C:\Users\ajolote-casa-w\Downloads\bicimad_data\bicimad_2019\stations\201903.json,35.26,latin-1,741,2019-03-01T00:28:32.935100,2019-03-31T23:00:41.642673,172,172,activate|address|dock_bikes|free_bases|id|latitude|light|longitude|name|no_available|number|reservations_count|total_bases,172,0,2019,3
201904.json,C:\Users\ajolote-casa-w\Downloads\bicimad_data\bicimad_2019\stations\201904.json,34.12,latin-1,717,2019-04-01T00:00:42.504514,2019-04-30T23:20:26.477439,172,172,activate|address|dock_bikes|free_bases|id|latitude|light|longitude|name|no_available|number|reservations_count|total_bases,172,0,2019,4
201905.json,C:\Users\ajolote-casa-w\Downloads\bicimad_data\bicimad_2019\stations\201905.json,35.48,utf-8,735,2019-05-01T00:20:28.426371,2019-05-31T23:27:14.487222,172,172,activate|address|dock_bikes|free_bases|id|latitude|light|longitude|name|no_available|number|reservations_count|total_bases,172,0,2019,5
201906.json,C:\Users\ajolote-casa-w\Downloads\bicimad_data\bicimad_2019\stations\201906.json,34.26,latin-1,693,2019-06-01T00:27:15.455361,2019-06-30T23:29:25.645976,174,176,activate|address|dock_bikes|free_bases|id|latitude|light|longitude|name|no_available|number|reservations_count|total_bases,176,0,2019,6
201907.json,C:\Users\ajolote-casa-w\Downloads\bicimad_data\bicimad_2019\stations\201907.json,36.32,utf-8,718,2019-07-01T00:29:26.018083,2019-07-31T23:50:30.482348,184,187,activate|address|dock_bikes|free_bases|id|latitude|light|longitude|name|no_available|number|reservations_count|total_bases,187,0,2019,7
201908.json,C:\Users\ajolote-casa-w\Downloads\bicimad_data\bicimad_2019\stations\201908.json,36.9,utf-8,707,2019-08-01T00:50:32.351097,2019-08-31T23:10:32.507959,193,193,activate|address|dock_bikes|free_bases|id|latitude|light|longitude|name|no_available|number|reservations_count|total_bases,194,0,2019,8
201909.json,C:\Users\ajolote-casa-w\Downloads\bicimad_data\bicimad_2019\stations\201909.json,39.0,utf-8,718,2019-09-01T00:10:32.593867,2019-09-30T23:30:34.651257,196,198,activate|address|dock_bikes|free_bases|id|latitude|light|longitude|name|no_available|number|reservations_count|total_bases,198,0,2019,9
201910.json,C:\Users\ajolote-casa-w\Downloads\bicimad_data\bicimad_2019\stations\201910.json,42.04,utf-8,740,2019-10-01T00:30:37.376135,2019-10-31T23:51:20.010927,208,211,activate|address|dock_bikes|free_bases|id|latitude|light|longitude|name|no_available|number|reservations_count|total_bases,211,0,2019,10
201911.json,C:\Users\ajolote-casa-w\Downloads\bicimad_data\bicimad_2019\stations\201911.json,40.75,utf-8,713,2019-11-01T00:51:20.843377,2019-11-30T23:07:55.209607,213,213,activate|address|dock_bikes|free_bases|id|latitude|light|longitude|name|no_available|number|reservations_count|total_bases,213,0,2019,11
201912.json,C:\Users\ajolote-casa-w\Downloads\bicimad_data\bicimad_2019\stations\201912.json,42.29,utf-8,740,2019-12-01T00:07:56.470880,2019-12-31T23:27:26.926446,213,213,activate|address|dock_bikes|free_bases|id|latitude|light|longitude|name|no_available|number|reservations_count|total_bases,213,0,2019,12
202001.json,C:\Users\ajolote-casa-w\Downloads\bicimad_data\bicimad_2020\stations\202001.json,42.48,utf-8,743,2020-01-01T00:27:28.332295,2020-01-31T23:47:41.782701,213,213,activate|address|dock_bikes|free_bases|id|latitude|light|longitude|name|no_available|number|reservations_count|total_bases,213,0,2020,1
202002.json,C:\Users\ajolote-casa-w\Downloads\bicimad_data\bicimad_2020\stations\202002.json,39.74,utf-8,694,2020-02-01T00:47:42.861879,2020-02-29T23:07:57.851374,213,213,activate|address|dock_bikes|free_bases|id|latitude|light|longitude|name|no_available|number|reservations_count|total_bases,213,0,2020,2
202003.json,C:\Users\ajolote-casa-w\Downloads\bicimad_data\bicimad_2020\stations\202003.json,42.59,utf-8,743,2020-03-01T00:07:58.944437,2020-03-31T23:01:56.852599,214,214,activate|address|dock_bikes|free_bases|id|latitude|light|longitude|name|no_available|number|reservations_count|total_bases,214,0,2020,3
202004.json,C:\Users\ajolote-casa-w\Downloads\bicimad_data\bicimad_2020\stations\202004.json,41.25,utf-8,720,2020-04-01T00:01:57.267401,2020-04-30T23:22:35.010406,214,214,activate|address|dock_bikes|free_bases|id|latitude|light|longitude|name|no_available|number|reservations_count|total_bases,214,0,2020,4
202005.json,C:\Users\ajolote-casa-w\Downloads\bicimad_data\bicimad_2020\stations\202005.json,42.39,utf-8,738,2020-05-01T00:22:37.115298,2020-05-31T23:44:26.718201,214,214,activate|address|dock_bikes|free_bases|id|latitude|light|longitude|name|no_available|number|reservations_count|total_bases,214,0,2020,5
202006.json,C:\Users\ajolote-casa-w\Downloads\bicimad_data\bicimad_2020\stations\202006.json,41.13,utf-8,716,2020-06-01T00:44:29.888088,2020-06-30T23:27:27.100695,214,214,activate|address|dock_bikes|free_bases|id|latitude|light|longitude|name|no_available|number|reservations_count|total_bases,214,0,2020,6
202007.json,C:\Users\ajolote-casa-w\Downloads\bicimad_data\bicimad_2020\stations\202007.json,42.51,utf-8,737,2020-07-01T00:27:28.514815,2020-07-31T23:48:21.905449,215,215,activate|address|dock_bikes|free_bases|id|latitude|light|longitude|name|no_available|number|reservations_count|total_bases,215,0,2020,7
202008.json,C:\Users\ajolote-casa-w\Downloads\bicimad_data\bicimad_2020\stations\202008.json,42.79,utf-8,742,2020-08-01T00:48:24.099165,2020-08-31T23:09:32.320384,215,215,activate|address|dock_bikes|free_bases|id|latitude|light|longitude|name|no_available|number|reservations_count|total_bases,215,0,2020,8
202009.json,C:\Users\ajolote-casa-w\Downloads\bicimad_data\bicimad_2020\stations\202009.json,41.37,utf-8,715,2020-09-01T00:09:33.258214,2020-09-30T23:57:30.761985,215,216,activate|address|dock_bikes|free_bases|id|latitude|light|longitude|name|no_available|number|reservations_count|total_bases,216,0,2020,9
202010.json,C:\Users\ajolote-casa-w\Downloads\bicimad_data\bicimad_2020\stations\202010.json,42.8,utf-8,735,2020-10-01T00:57:33.345095,2020-10-31T23:35:19.515889,216,216,activate|address|dock_bikes|free_bases|id|latitude|light|longitude|name|no_available|number|reservations_count|total_bases,216,0,2020,10
202011.json,C:\Users\ajolote-casa-w\Downloads\bicimad_data\bicimad_2020\stations\202011.json,42.48,utf-8,715,2020-11-01T00:35:22.545599,2020-11-30T23:56:02.708162,220,220,activate|address|dock_bikes|free_bases|id|latitude|light|longitude|name|no_available|number|reservations_count|total_bases,220,0,2020,11
202012.json,C:\Users\ajolote-casa-w\Downloads\bicimad_data\bicimad_2020\stations\202012.json,47.51,utf-8,742,2020-12-01T00:56:04.683755,2020-12-31T23:16:58.684942,224,227,activate|address|dock_bikes|free_bases|id|latitude|light|longitude|name|no_available|number|reservations_count|total_bases,227,0,2020,12
202101.json,C:\Users\ajolote-casa-w\Downloads\bicimad_data\bicimad_2021\stations\202101.json,52.78,utf-8,741,2021-01-01T00:17:01.829744,2021-01-31T23:38:21.173393,264,264,activate|address|dock_bikes|free_bases|id|latitude|light|longitude|name|no_available|number|reservations_count|total_bases,264,0,2021,1
202102.json,C:\Users\ajolote-casa-w\Downloads\bicimad_data\bicimad_2021\stations\202102.json,48.07,utf-8,670,2021-02-01T00:38:22.571579,2021-02-28T23:57:56.764688,264,264,activate|address|dock_bikes|free_bases|id|latitude|light|longitude|name|no_available|number|reservations_count|total_bases,264,0,2021,2
202103.json,C:\Users\ajolote-casa-w\Downloads\bicimad_data\bicimad_2021\stations\202103.json,53.11,utf-8,740,2021-03-01T00:57:58.014499,2021-03-31T23:02:46.185755,264,264,activate|address|dock_bikes|free_bases|id|latitude|light|longitude|name|no_available|number|reservations_count|total_bases,264,0,2021,3
202104.json,C:\Users\ajolote-casa-w\Downloads\bicimad_data\bicimad_2021\stations\202104.json,51.45,utf-8,717,2021-04-01T00:02:46.396200,2021-04-30T23:23:13.397875,264,264,activate|address|dock_bikes|free_bases|id|latitude|light|longitude|name|no_available|number|reservations_count|total_bases,264,0,2021,4
202105.json,C:\Users\ajolote-casa-w\Downloads\bicimad_data\bicimad_2021\stations\202105.json,53.25,utf-8,742,2021-05-01T00:23:14.845494,2021-05-31T23:43:38.926306,264,264,activate|address|dock_bikes|free_bases|id|latitude|light|longitude|name|no_available|number|reservations_count|total_bases,264,0,2021,5
202106.json,C:\Users\ajolote-casa-w\Downloads\bicimad_data\bicimad_2021\stations\202106.json,51.09,utf-8,712,2021-06-01T00:43:39.688214,2021-06-30T23:03:34.112828,264,264,activate|address|dock_bikes|free_bases|id|latitude|light|longitude|name|no_available|number|reservations_count|total_bases,264,0,2021,6
202107.json,C:\Users\ajolote-casa-w\Downloads\bicimad_data\bicimad_2021\stations\202107.json,53.3,utf-8,743,2021-07-01T00:03:34.143329,2021-07-31T23:24:14.831739,264,264,activate|address|dock_bikes|free_bases|id|latitude|light|longitude|name|no_available|number|reservations_count|total_bases,264,0,2021,7
202108.json,C:\Users\ajolote-casa-w\Downloads\bicimad_data\bicimad_2021\stations\202108.json,53.37,utf-8,744,2021-08-01T00:24:17.718979,2021-08-31T23:44:16.396777,264,264,activate|address|dock_bikes|free_bases|id|latitude|light|longitude|name|no_available|number|reservations_count|total_bases,264,0,2021,8
202109.json,C:\Users\ajolote-casa-w\Downloads\bicimad_data\bicimad_2021\stations\202109.json,51.36,utf-8,716,2021-09-01T00:44:19.301601,2021-09-30T23:04:10.467206,264,264,activate|address|dock_bikes|free_bases|id|latitude|light|longitude|name|no_available|number|reservations_count|total_bases,264,0,2021,9
202110.json,C:\Users\ajolote-casa-w\Downloads\bicimad_data\bicimad_2021\stations\202110.json,53.44,utf-8,745,2021-10-01T00:04:11.352901,2021-10-31T23:32:12.729047,264,264,activate|address|dock_bikes|free_bases|id|latitude|light|longitude|name|no_available|number|reservations_count|total_bases,264,0,2021,10
202111.json,C:\Users\ajolote-casa-w\Downloads\bicimad_data\bicimad_2021\stations\202111.json,50.58,utf-8,705,2021-11-01T00:32:15.782431,2021-11-30T23:52:47.782688,264,264,activate|address|dock_bikes|free_bases|id|latitude|light|longitude|name|no_available|number|reservations_count|total_bases,264,0,2021,11
202112.json,C:\Users\ajolote-casa-w\Downloads\bicimad_data\bicimad_2021\stations\202112.json,53.17,utf-8,741,2021-12-01T00:52:49.689562,2021-12-31T23:13:19.779141,264,264,activate|address|dock_bikes|free_bases|id|latitude|light|longitude|name|no_available|number|reservations_count|total_bases,264,0,2021,12
202201.json,C:\Users\ajolote-casa-w\Downloads\bicimad_data\bicimad_2022\stations\202201.json,53.11,utf-8,740,2022-01-01T00:13:20.603583,2022-01-31T23:35:11.044151,264,264,activate|address|dock_bikes|free_bases|id|latitude|light|longitude|name|no_available|number|reservations_count|total_bases,264,0,2022,1
202202.json,C:\Users\ajolote-casa-w\Downloads\bicimad_data\bicimad_2022\stations\202202.json,47.95,utf-8,668,2022-02-01T00:35:12.131944,2022-02-28T23:54:20.406908,264,264,activate|address|dock_bikes|free_bases|id|latitude|light|longitude|name|no_available|number|reservations_count|total_bases,264,0,2022,2
202203.json,C:\Users\ajolote-casa-w\Downloads\bicimad_data\bicimad_2022\stations\202203.json,56.35,utf-8,785,2022-03-01T00:54:23.268659,2022-03-31T23:03:35.324135,264,264,activate|address|dock_bikes|free_bases|id|latitude|light|longitude|name|no_available|number|reservations_count|total_bases,264,0,2022,3
202204.json,C:\Users\ajolote-casa-w\Downloads\bicimad_data\bicimad_2022\stations\202204.json,51.6,utf-8,719,2022-04-01T00:03:37.449167,2022-04-30T23:22:54.003654,264,264,activate|address|dock_bikes|free_bases|id|latitude|light|longitude|name|no_available|number|reservations_count|total_bases,264,0,2022,4
202205.json,C:\Users\ajolote-casa-w\Downloads\bicimad_data\bicimad_2022\stations\202205.json,53.18,utf-8,741,2022-05-01T00:22:55.216732,2022-05-31T23:43:49.814086,264,264,activate|address|dock_bikes|free_bases|id|latitude|light|longitude|name|no_available|number|reservations_count|total_bases,264,0,2022,5
202206.json,C:\Users\ajolote-casa-w\Downloads\bicimad_data\bicimad_2022\stations\202206.json,50.88,utf-8,709,2022-06-01T00:43:51.520253,2022-06-30T23:03:41.056013,264,264,activate|address|dock_bikes|free_bases|id|latitude|light|longitude|name|no_available|number|reservations_count|total_bases,264,0,2022,6
202207.json,C:\Users\ajolote-casa-w\Downloads\bicimad_data\bicimad_2022\stations\202207.json,52.74,utf-8,735,2022-07-01T00:03:41.612150,2022-07-31T23:23:29.263009,264,264,activate|address|dock_bikes|free_bases|id|latitude|light|longitude|name|no_available|number|reservations_count|total_bases,264,0,2022,7
202208.json,C:\Users\ajolote-casa-w\Downloads\bicimad_data\bicimad_2022\stations\202208.json,53.33,utf-8,743,2022-08-01T00:23:31.204139,2022-08-31T23:45:03.203752,264,264,activate|address|dock_bikes|free_bases|id|latitude|light|longitude|name|no_available|number|reservations_count|total_bases,264,0,2022,8
202209.json,C:\Users\ajolote-casa-w\Downloads\bicimad_data\bicimad_2022\stations\202209.json,51.44,utf-8,717,2022-09-01T00:45:06.036863,2022-09-30T23:05:04.199977,264,264,activate|address|dock_bikes|free_bases|id|latitude|light|longitude|name|no_available|number|reservations_count|total_bases,264,0,2022,9
202210.json,C:\Users\ajolote-casa-w\Downloads\bicimad_data\bicimad_2022\stations\202210.json,53.03,utf-8,739,2022-10-01T00:05:05.771548,2022-10-31T23:19:18.083498,264,264,activate|address|dock_bikes|free_bases|id|latitude|light|longitude|name|no_available|number|reservations_count|total_bases,264,0,2022,10
202211.json,C:\Users\ajolote-casa-w\Downloads\bicimad_data\bicimad_2022\stations\202211.json,51.45,utf-8,717,2022-11-01T00:19:20.713573,2022-11-30T23:37:57.966166,264,264,activate|address|dock_bikes|free_bases|id|latitude|light|longitude|name|no_available|number|reservations_count|total_bases,264,0,2022,11
202212.json,C:\Users\ajolote-casa-w\Downloads\bicimad_data\bicimad_2022\stations\202212.json,52.03,utf-8,725,2022-12-01T00:38:00.036831,2022-12-31T23:57:54.886111,264,264,activate|address|dock_bikes|free_bases|id|latitude|light|longitude|name|no_available|number|reservations_count|total_bases,264,0,2022,12
