Columna,Tipo,No nulos,Nulos,% Nulos,Min,Max,Media,Mediana,Desv. Std
timestamp,datetime64[ns],195624,0,0.0,,,,,
id_estacion,int64,195624,0,0.0,1,270,136.8295,137.5,77.3293
name,object,195624,0,0.0,,,,,
activate,int64,195624,0,0.0,1,1,1.0,1.0,0.0
no_available,int64,195624,0,0.0,0,1,0.0275,0.0,0.1634
light,int64,195624,0,0.0,0,3,1.15,1.0,0.9235
total_bases,int64,195624,0,0.0,12,30,23.9205,24.0,1.8742
free_bases,int64,195624,0,0.0,0,30,12.0094,12.0,6.4725
dock_bikes,int64,195624,0,0.0,0,30,10.0658,10.0,6.4366
reservations_count,int64,195624,0,0.0,0,6,0.0717,0.0,0.2934
latitude,float64,195624,0,0.0,40.38895,40.481086,40.4258,40.4251,0.018
longitude,float64,195624,0,0.0,-3.72997,-3.634587,-3.6921,-3.6937,0.0182
ocupacion,float64,195624,0,0.0,0.0,1.0,0.4205,0.4167,0.2666
dia_semana,int32,195624,0,0.0,,,,,
hora,int32,195624,0,0.0,,,,,
fecha,object,195624,0,0.0,,,,,
