anio,intervalo_seg
2018,3607.062336
2018,3602.136598
2018,3600.628816
2018,3607.196152
2018,3603.626856
2018,3601.603408
2018,7207.601509
2018,3607.868645
2018,3603.251871
2018,3604.085055
2018,3602.755957
2018,3600.38863
2018,3602.352689
2018,3604.017335
2018,3600.922876
2018,3599.869071
2018,3608.240231
2018,3601.041843
2018,3600.790675
2018,3601.588433
2018,3600.391419
2018,3601.848931
2018,3599.583567
2018,3602.722157
2018,3601.087818
2018,3602.843002
2018,3598.686479
2018,3600.390896
2018,3609.918826
2018,3601.006029
2018,3602.322528
2018,3607.678636
2018,3603.849481
2018,10817.09319
2018,3597.799507
2018,3604.040059
2018,3607.634306
2018,3605.467137
2018,3604.13156
2018,3605.575042
2018,3603.301316
2018,3605.286333
2018,3603.248775
2018,3605.860731
2018,3604.993932
2018,3606.19582
2018,3602.936821
2018,3604.616558
2018,3602.617971
2018,3604.228914
2018,3605.051821
2018,3604.171224
2018,3603.760993
2018,3603.549971
2018,3602.970315
2018,3603.28813
2018,3606.182794
2018,3607.059063
2018,3599.880042
2018,3602.129126
2018,3600.209239
2018,3605.718417
2018,3605.857718
2018,3607.906694
2018,3601.131567
2018,3604.086002
2018,3607.571109
2018,3604.460709
2018,3607.845665
2018,3600.771042
2018,3605.817212
2018,3607.8007
2018,3606.267853
2018,3600.797843
2018,3607.493431
2018,3601.171013
2018,3601.12026
2018,3601.606441
2018,3601.838542
2018,3607.99498
2018,3604.799976
2018,3602.921602
2018,3600.94141
2018,3606.886202
2018,3610.296731
2018,3605.453712
2018,3604.069409
2018,3601.424543
2018,3603.518644
2018,3603.810663
2018,3600.372773
2018,3607.94132
2018,3601.239744
2018,3600.601039
2018,3607.676137
2018,3602.868068
2018,3601.250871
2018,3607.648563
2018,3601.723511
2018,3606.96912
2018,3604.830116
2018,3606.104657
2018,3602.537292
2018,3606.965316
2018,3604.338035
2018,3610.363211
2018,3596.84521
2018,3608.479557
2018,3600.248002
2018,3600.934978
2018,3607.213665
2018,3600.107439
2018,3601.773678
2018,3607.261283
2018,3606.555163
2018,3601.183457
2018,3602.167122
2018,3607.462158
2018,3600.851866
2018,3608.240406
2018,3607.975444
2018,3603.994677
2018,3601.561631
2018,3607.026256
2018,3606.936689
2018,3599.284307
2018,3611.053342
2018,3600.816004
2018,3605.739847
2018,3603.659652
2018,3602.537414
2018,3599.962802
2018,3603.206865
2018,3604.889473
2018,3602.452219
2018,3607.45517
2018,3608.121823
2018,3601.525665
2018,3601.819831
2018,3603.888277
2018,3602.454024
2018,3601.898354
2018,3600.93119
2018,3601.663856
2018,3601.397827
2018,3603.239683
2018,3600.851634
2018,3603.586168
2018,3607.771901
2018,3607.32364
2018,3600.911415
2018,3606.61384
2018,3603.841093
2018,3603.418154
2018,3601.999906
2018,3603.786518
2018,3604.033711
2018,3603.484546
2018,3608.211098
2018,3603.814638
2018,3605.959163
2018,3603.07713
2018,3604.818834
2018,3609.166008
2018,3606.283295
2018,3600.622021
2018,3608.596636
2018,3607.043673
2018,3600.041983
2018,3601.501792
2018,3604.55905
2018,3604.836198
2018,3605.790492
2018,3603.541896
2018,3602.875906
2018,3602.389764
2018,3604.276908
2018,3600.594252
2018,3605.24267
2018,3602.462377
2018,3601.087728
2018,3603.499089
2018,3604.777396
2018,3602.902352
2018,3603.792554
2018,3606.864868
2018,3607.300131
2018,3602.345016
2018,3600.435275
2018,3600.578519
2018,3608.328124
2018,3602.014063
2018,3607.424026
2018,3608.333722
2018,3605.538625
2018,3604.965564
2018,3599.655195
2018,3609.430924
2018,3607.596214
2018,3604.709741
2018,3601.777171
2018,3605.693642
2018,3602.224454
2018,3607.52204
2018,3600.136907
2018,3607.374599
2018,3601.44814
2018,3607.468375
2018,3606.750098
2018,3602.422783
2018,3601.500679
2018,3603.999549
2018,3605.09043
2018,3599.755794
2018,3610.3854
2018,3601.319999
2018,3608.362145
2018,3604.412281
2018,3605.700674
2018,3603.334748
2018,3602.003394
2018,3603.029404
2018,3600.594371
2018,3597.750549
2018,3601.494153
2018,0.754053
2018,3612.902985
2018,3597.592753
2018,3599.007769
2018,3601.861476
2018,3600.370854
2018,3601.195326
2018,3600.809917
2018,3605.525471
2018,3602.478784
2018,3600.569906
2018,3615.451302
2018,3594.569051
2018,3600.455178
2018,3600.569259
2018,3600.494742
2018,3602.792539
2018,3602.587733
2018,3600.565094
2018,3602.189894
2018,3601.067005
2018,3600.70277
2018,3601.483797
2018,3600.293112
2018,3604.903921
2018,3604.027225
2018,3599.634486
2018,3600.626173
2018,3600.456138
2018,3600.302474
2018,3601.337213
2018,3602.47715
2018,3600.5417
2018,3603.157066
2018,3600.526879
2018,3600.568552
2018,3600.088056
2018,3600.803703
2018,3600.922771
2018,3602.809039
2018,3602.298105
2018,3603.015769
2018,3600.117968
2018,3600.953264
2018,3602.027882
2018,3606.510431
2018,3599.411545
2018,3601.651405
2018,3598.44833
2018,3604.057597
2018,7201.715983
2018,3601.919815
2018,3602.997483
2018,3602.4703
2018,3601.307024
2018,3600.412638
2018,3601.065887
2018,3601.900738
2018,3602.68844
2018,3602.405026
2018,3601.006009
2018,3603.001507
2018,3601.217137
2018,3602.626943
2018,3598.901886
2018,3600.881543
2018,3603.401934
2018,3601.765597
2018,3602.434589
2018,3600.671863
2018,3602.141629
2018,3604.766305
2018,3598.963316
2018,3605.359631
2018,3600.221019
2018,3600.257192
2018,3602.882458
2018,3603.106945
2018,3603.510914
2018,3602.801955
2018,3603.731829
2018,3601.908351
2018,3600.124204
2018,3602.152121
2018,3598.325481
2018,3604.322214
2018,3603.319433
2018,3602.626915
2018,3601.057036
2018,3602.905459
2018,3600.621514
2018,3601.177606
2018,3598.301144
2018,3602.653993
2018,3605.688427
2018,3606.174345
2018,3599.643049
2018,3602.94106
2018,3601.317187
2018,3601.005077
2018,3604.446145
2018,3600.798561
2018,3603.2622
2018,3602.802376
2018,3602.361287
2018,3600.575882
2018,3601.335219
2018,3598.866443
2018,3602.444909
2018,3601.317262
2018,3600.906302
2018,3602.842144
2018,3601.343458
2018,3601.996609
2018,3601.411231
2018,3599.219623
2018,3602.135886
2018,3605.963026
2018,3598.587242
2018,3601.363222
2018,3601.320892
2018,3602.590864
2018,3600.638625
2018,3600.401181
2018,3600.524451
2018,3600.765674
2018,3604.149615
2018,3603.326201
2018,3600.837796
2018,3602.537203
2018,3601.431729
2018,3600.630324
2018,3600.728633
2018,3604.060416
2018,3598.910408
2018,3602.860941
2018,3603.228392
2018,3602.692335
2018,3600.525185
2018,3602.184533
2018,3604.72208
2018,3600.558767
2018,3602.35614
2018,3608.934327
2018,3599.565913
2018,3600.687418
2018,3600.871722
2018,3602.502256
2018,3602.497613
2018,3602.596428
2018,3600.327178
2018,3604.54127
2018,1.879131
2018,3599.472621
2018,3600.660415
2018,3598.780222
2018,3602.61696
2018,3600.390221
2018,3601.428116
2018,3601.342247
2018,3605.265445
2018,3602.065994
2018,3599.89128
2018,3598.669965
2018,3603.149551
2018,3601.992797
2018,3601.66536
2018,3600.884332
2018,3603.255175
2018,3599.973584
2018,3600.503136
2018,3599.4714
2018,3603.075279
2018,3602.879648
2018,3602.740198
2018,3600.865752
2018,3601.007518
2018,3600.75568
2018,3602.127694
2018,3600.260338
2018,3602.4997
2018,3603.030277
2018,3600.467857
2018,3601.277065
2018,3603.421245
2018,3604.330272
2018,3600.807849
2018,3600.586942
2018,3602.569935
2018,3602.435013
2018,3600.299783
2018,3602.646342
2018,3603.044262
2018,3601.096658
2018,3601.218799
2018,3601.987126
2018,3603.286426
2018,3600.414584
2018,3602.713309
2018,3603.748271
2018,3601.654285
2018,3601.215622
2018,3601.363311
2018,3602.443881
2018,3602.694711
2018,3602.44936
2018,3602.643157
2018,3602.763867
2018,3600.541525
2018,3601.513389
2018,3601.250655
2018,3603.161006
2018,3602.024682
2018,3599.450179
2018,3603.583911
2018,3603.58591
2018,3605.952971
2018,1.793988
2018,3598.913359
2018,3603.772373
2018,3603.044764
2018,3602.716903
2018,3602.753661
2018,3600.986245
2018,3602.846711
2018,3600.447766
2018,3602.233844
2018,3603.629123
2018,3599.434633
2018,3602.797306
2018,3602.378388
2018,3600.867983
2018,3600.206341
2018,3602.476844
2018,3603.518146
2018,3602.71076
2018,3602.590483
2018,3603.10566
2018,3601.08803
2018,3602.695354
2018,3601.971101
2018,3601.131168
2018,3599.867389
2018,3601.786069
2018,3600.57229
2018,3603.133333
2018,3602.592298
2018,3604.75691
2018,3601.533958
2018,3600.464986
2018,3602.130064
2018,3601.558421
2018,3601.399466
2018,3602.406
2018,3601.482697
2018,3601.7296
2018,3601.93292
2018,3601.223883
2018,3601.422488
2018,3602.563073
2018,3603.509624
2018,3600.871835
2018,3602.479048
2018,3602.507753
2018,3602.192023
2018,3601.870521
2018,1.560956
2018,3599.076022
2018,3603.664018
2018,3601.839685
2018,3601.841496
2018,3600.009167
2018,3604.871458
2018,3600.845955
2018,3603.251237
2018,3602.911155
2018,3603.23028
2018,3601.488495
2018,3602.78214
2018,3602.249761
2018,3601.001051
2018,3603.083624
2018,3601.62714
2018,3601.246255
2018,3603.229574
2018,3601.286607
2018,3602.370847
2018,3601.887007
2018,3602.456022
2018,3601.024153
2018,3600.828327
2018,3602.730957
2018,3600.761158
2018,3601.052288
2018,3601.117741
2018,3602.820157
2018,3600.527202
2018,3601.286981
2018,3602.697865
2018,3600.57693
2018,3602.593066
2018,3602.257182
2018,3600.272311
2018,3602.76346
2018,3603.457729
2018,3600.676653
2018,3601.697133
2018,3602.341036
2018,3600.97547
2018,3602.838074
2018,3600.289299
2018,3601.408777
2018,3601.206845
2018,3602.720642
2018,3602.050599
2018,3601.846867
2018,1.261867
2018,3600.261117
2018,3600.485761
2018,3602.447305
2018,3602.123592
2018,3600.126883
2018,3601.504976
2018,3600.449488
2018,3600.904241
2018,3602.978906
2018,3600.847326
2018,3601.097464
2018,3603.113853
2018,3602.758431
2018,3602.871449
2018,3601.722627
2018,3598.557272
2018,3601.06816
2018,3603.491228
2018,3602.627197
2018,3600.231112
2018,3602.989911
2018,3604.980709
2018,3602.591639
2018,3600.232252
2018,3603.643903
2018,3600.745742
2018,3600.116884
2018,3602.26813
2018,3600.738554
2018,3604.320033
2018,3601.789914
2018,3600.832286
2018,3602.664978
2018,3600.345792
2018,3600.218276
2018,3602.793384
2018,3602.378092
2018,3598.48996
2018,3602.564739
2018,3601.172972
2018,3600.304471
2018,3603.910137
2018,3602.325908
2018,7203.300422
2018,3602.968757
2018,3602.658136
2018,3598.760803
2018,3600.376764
2018,3601.118584
2018,3602.499363
2018,3600.518172
2018,3603.342278
2018,3602.098666
2018,3600.143234
2018,3601.490027
2018,3601.606172
2018,3603.772345
2018,3600.977073
2018,3601.508506
2018,3602.294476
2018,3600.275363
2018,3602.524302
2018,3600.689854
2018,3601.87354
2018,3601.611317
2018,3602.677659
2018,3601.314572
2018,3603.446366
2018,3601.191736
2018,3604.433115
2018,3600.56295
2018,3603.371797
2018,3600.050448
2018,3602.827168
2018,3603.234466
2018,3600.980039
2018,3602.313592
2018,3599.044861
2018,3604.271732
2018,3600.503783
2018,3602.366165
2018,3602.854671
2018,3601.51398
2018,3600.585001
2018,3599.526647
2018,3604.726194
2018,3601.191477
2018,3600.934325
2018,3602.277295
2018,3600.987187
2018,3598.264499
2018,3603.413934
2018,3603.431682
2018,3600.448679
2018,3601.724257
2018,3600.312121
2018,3600.726786
2018,3604.693819
2018,3601.719832
2018,3601.816217
2018,3601.23778
2018,3601.636502
2018,3601.176888
2018,3600.19675
2018,3602.068487
2018,3597.868623
2018,3603.083679
2018,3602.40571
2018,3602.929452
2018,3601.541872
2018,3602.235495
2018,3600.539341
2018,3602.490977
2018,3603.847531
2018,3601.762668
2018,3600.836587
2018,3600.403316
2018,3602.607899
2018,3607.021749
2018,3597.50969
2018,3601.230135
2018,3605.021247
2018,3600.422344
2018,3604.667909
2018,3603.499902
2018,3601.571903
2018,3600.919078
2018,3602.928845
2018,3602.562722
2018,3603.053509
2018,3600.12375
2018,3601.689035
2018,3601.308441
2018,3602.153529
2018,3598.809521
2018,3602.642456
2018,3601.463638
2018,3601.27953
2018,3601.783097
2018,3603.592428
2018,3600.842259
2018,3600.983584
2018,3607.88959
2018,3599.153652
2018,3602.553367
2018,3601.112609
2018,3602.621672
2018,3602.270557
2018,3603.041299
2018,3601.846763
2018,3600.148152
2018,3602.064508
2018,3600.926184
2018,3603.411286
2018,3602.411806
2018,3601.324681
2018,3603.569261
2018,3600.501982
2018,3600.983468
2018,3601.46023
2018,3599.906034
2018,3603.605842
2018,3601.073246
2018,3600.856301
2018,3605.666531
2018,3601.77979
2018,3604.434002
2018,3596.768549
2018,3604.751518
2018,3601.283125
2018,3600.329648
2018,3602.710884
2018,3601.465758
2018,3601.129228
2018,3601.788495
2018,3599.382758
2018,3602.152878
2018,3601.026534
2018,3602.939109
2018,3603.067832
2018,3603.310385
2018,3601.548456
2018,3601.028376
2018,3602.967042
2018,3600.668404
2018,3602.121473
2018,3599.809565
2018,3599.299135
2018,3603.09463
2018,3600.625275
2018,3605.726915
2018,3596.14345
2018,3600.838804
2018,3604.744511
2018,3602.450454
2018,3603.089685
2018,3601.729602
2018,3602.457794
2018,3603.114752
2018,3601.597667
2018,3602.303897
2019,3607.138743
2019,3597.445933
2019,3602.819792
2019,3602.53928
2019,3602.251925
2019,3602.280263
2019,3601.547774
2019,3600.578795
2019,3602.105639
2019,3602.260568
2019,3602.499955
2019,3602.813526
2019,3602.127992
2019,3601.172471
2019,3602.263575
2019,3601.235179
2019,3601.635002
2019,3601.132983
2019,3602.344779
2019,3601.629868
2019,3601.037637
2019,3602.968572
2019,3601.706458
2019,3600.288816
2019,3606.715618
2019,3597.932627
2019,3601.694111
2019,3602.318023
2019,3602.520303
2019,3601.432678
2019,3601.715872
2019,3602.551188
2019,3602.080506
2019,3600.380384
2019,3604.750087
2019,3596.331284
2019,3603.104081
2019,3601.674002
2019,3601.868988
2019,3601.740828
2019,3602.891961
2019,3602.3731
2019,3601.631712
2019,3603.203907
2019,3602.197853
2019,3601.273766
2019,3601.117287
2019,3601.22606
2019,3603.565459
2019,3598.857449
2019,3601.64694
2019,3600.165666
2019,3601.738125
2019,3601.706431
2019,3602.440784
2019,3602.922172
2019,3600.03485
2019,3602.002959
2019,3600.543889
2019,3600.691283
2019,3602.875968
2019,3601.660634
2019,3602.360773
2019,3602.850918
2019,3600.839919
2019,3603.123799
2019,3602.256916
2019,3601.904649
2019,3602.030088
2019,3600.081252
2019,3600.368893
2019,3602.348876
2019,3606.699908
2019,3598.272813
2019,3602.165558
2019,3602.402718
2019,3602.530138
2019,3602.014005
2019,3601.528221
2019,3600.536036
2019,3602.744372
2019,3600.534843
2019,3600.604354
2019,3600.316333
2019,3636.344447
2019,3566.576046
2019,3601.273909
2019,3602.552891
2019,3602.492932
2019,3601.759033
2019,3602.623252
2019,3602.06889
2019,3602.171477
2019,3602.804668
2019,3601.709584
2019,3600.770875
2019,3606.183057
2019,3596.879135
2019,3600.508277
2019,3602.408831
2019,3600.147191
2019,3600.645214
2019,3602.566628
2019,3603.14811
2019,3603.107023
2019,3602.705901
2019,3600.210142
2019,3602.382376
2019,3602.531363
2019,3601.49538
2019,3602.021214
2019,3600.768162
2019,3601.392189
2019,3600.923196
2019,3601.920364
2019,3601.212818
2019,7201.262411
2019,3600.395916
2019,3601.517059
2019,3604.855734
2019,3596.213856
2019,3600.094425
2019,3600.529345
2019,3600.507116
2019,3602.125012
2019,3602.767547
2019,3600.43228
2019,3600.408741
2019,3601.504361
2019,3601.234931
2019,3601.09494
2019,3601.081857
2019,3599.965593
2019,3600.137102
2019,3602.237608
2019,3600.867502
2019,3601.131584
2019,3600.207121
2019,3600.740393
2019,3600.115542
2019,3601.8169
2019,3602.377158
2019,3602.054719
2019,3604.948466
2019,3597.739166
2019,3601.769463
2019,3600.226962
2019,3600.417957
2019,3602.532263
2019,3600.428299
2019,3601.013627
2019,3599.620721
2019,3600.791798
2019,3600.785043
2019,3599.550182
2019,3636.599622
2019,3567.690676
2019,3603.252173
2019,3601.745687
2019,3603.868133
2019,3600.250856
2019,3601.329893
2019,3601.380673
2019,3601.03843
2019,3600.711545
2019,3602.272359
2019,3600.475454
2019,3604.852097
2019,3595.852823
2019,3600.521849
2019,3600.879237
2019,3601.001666
2019,3600.838738
2019,3601.759692
2019,3601.819348
2019,3601.615003
2019,3601.188164
2019,3603.051464
2019,3601.753785
2019,3635.712098
2019,3568.461988
2019,3601.889286
2019,3602.426604
2019,3604.198377
2019,3599.64148
2019,3601.856397
2019,3602.372221
2019,3601.68206
2019,3602.436938
2019,3601.53244
2019,3602.004521
2019,3605.200236
2019,3598.610948
2019,3601.609989
2019,3601.897416
2019,3602.744621
2019,3602.272076
2019,3602.643367
2019,3602.827773
2019,3604.208803
2019,3600.845928
2019,3602.941629
2019,3602.544476
2019,3602.775564
2019,3600.94478
2019,3601.81097
2019,3602.05336
2019,3600.21904
2019,3601.08449
2019,3602.265056
2019,3602.676781
2019,3602.550724
2019,3602.047684
2019,3603.07485
2019,3602.745247
2019,3603.748694
2019,3596.921565
2019,3600.203391
2019,3600.247019
2019,3601.94396
2019,3600.73122
2019,3601.613674
2019,3600.612636
2019,3602.221721
2019,3601.525621
2019,3600.944448
2019,3602.581447
2019,3603.109833
2019,3602.96872
2019,3602.705526
2019,3600.192385
2019,3635.781388
2019,3568.282628
2019,3608.189281
2019,3595.188841
2019,3602.686372
2019,3601.82909
2019,3601.439326
2019,3601.891002
2019,3603.547125
2019,3596.927609
2019,3603.219799
2019,3600.279119
2019,3602.428026
2019,3600.611727
2019,3600.38383
2019,3601.436362
2019,3600.280332
2019,3600.208283
2019,3602.808026
2019,3601.509378
2019,3600.558865
2019,3600.536868
2019,3601.940538
2019,3601.172214
2019,3600.333803
2019,3601.463094
2019,3600.799309
2019,3601.120663
2019,3600.394883
2019,3601.670743
2019,3600.704875
2019,3601.913957
2019,3604.862807
2019,3597.405683
2019,3601.107658
2019,3601.275758
2019,3602.965197
2019,3600.501326
2019,3600.316986
2019,3600.771436
2019,3600.534128
2019,3600.698786
2019,3600.630456
2019,3600.934948
2019,3601.079445
2019,3600.409727
2019,3600.767638
2019,3601.827249
2019,3605.571097
2019,3596.26722
2019,3600.668557
2019,3600.822103
2019,3600.694944
2019,3600.541804
2019,3600.733451
2019,3601.661099
2019,3603.96345
2019,3596.846432
2019,3601.019975
2019,3602.499534
2019,3603.097394
2019,3602.818503
2019,3603.125658
2019,3600.945054
2019,3600.272245
2019,3600.412843
2019,3600.45566
2019,3600.613663
2019,3637.137375
2019,3567.648706
2019,3600.584876
2019,3600.36182
2019,3601.489009
2019,3600.211663
2019,3600.448187
2019,3600.651957
2019,3602.599652
2019,3601.367359
2019,3601.778042
2019,3601.169222
2019,3605.295225
2019,3596.078175
2019,3603.092154
2019,3601.296251
2019,3601.410304
2019,3600.76108
2019,3600.733973
2019,3601.139399
2019,3599.734809
2019,3600.564136
2019,3602.15689
2019,3601.118916
2019,3601.88199
2019,3599.436303
2019,3601.124184
2019,3601.654065
2019,3601.173527
2019,3601.351032
2019,3600.237035
2019,3600.591953
2019,3600.793896
2019,3600.446429
2019,3601.266982
2019,3602.672901
2019,3603.608135
2019,3597.012666
2019,3600.686761
2019,3600.606136
2019,3600.606851
2019,3600.785246
2019,3601.416278
2019,3601.954479
2019,3601.086187
2019,3601.098827
2019,3600.302384
2019,3601.041045
2019,3602.686204
2019,3600.075341
2019,3601.615902
2019,3602.041579
2019,3601.538786
2019,3600.968966
2019,3603.058874
2019,3600.704738
2019,3600.594534
2019,3603.147953
2019,3601.394715
2019,3602.973924
2019,3604.183334
2019,3597.101015
2019,3600.659505
2019,3600.843713
2019,3600.885341
2019,3600.734997
2019,3602.085107
2019,3606.597601
2019,3602.304688
2019,3602.875033
2019,3602.588943
2019,3601.68412
2019,3600.502503
2019,3602.637762
2019,3603.300843
2019,3602.664133
2019,3601.215717
2019,3600.664375
2019,3603.409898
2019,3602.417485
2019,3601.34031
2019,3602.81577
2019,3601.966824
2019,3603.256595
2019,3604.245032
2019,3598.648383
2019,3600.570518
2019,3602.814629
2019,3602.409323
2019,3602.195144
2019,3600.851861
2019,3601.056554
2019,3601.559714
2019,3602.617871
2019,3600.378689
2019,3601.993172
2019,3633.846717
2019,3567.880561
2019,3600.703416
2019,3601.915801
2019,3604.261053
2019,3603.23627
2019,3602.535424
2019,3600.131003
2019,3600.526419
2019,3602.701317
2019,3601.207759
2019,3605.077697
2019,3606.03717
2019,3595.806577
2019,3600.935616
2019,3601.508507
2019,3602.192528
2019,3600.999869
2019,3597.736476
2019,3602.720468
2019,3600.47403
2019,3600.348714
2019,3602.81716
2019,3601.415315
2019,3602.306969
2019,3599.302921
2019,3600.478628
2019,3601.381623
2019,3602.55962
2019,3601.171878
2019,3600.567385
2019,3600.977552
2019,3600.342331
2019,3601.744458
2019,3602.216638
2019,3601.564877
2019,3604.121115
2019,3597.77417
2019,3600.401872
2019,3602.861773
2019,3601.536399
2019,3601.455445
2019,3602.342319
2019,3600.175974
2019,3602.819668
2019,3602.915827
2019,3602.274179
2019,3601.846971
2019,3601.409686
2019,3601.94463
2019,3602.406238
2019,3602.243564
2019,3601.9806
2019,3601.791859
2019,3601.772049
2019,3601.372414
2019,3601.486873
2019,3601.214907
2019,3601.409804
2019,3603.203298
2019,3605.106642
2019,3597.838994
2019,3601.616113
2019,3600.963868
2019,3600.486456
2019,3600.584877
2019,3600.583122
2019,3601.01698
2019,3600.369309
2019,3601.028422
2019,3601.252441
2019,3601.465906
2019,3602.243941
2019,3600.643643
2019,3601.078017
2019,3601.564647
2019,3601.463508
2019,3600.78839
2019,3601.859053
2019,3601.787451
2019,3601.476335
2019,3602.574226
2019,3602.748357
2019,3602.991192
2019,3603.980975
2019,3597.287047
2019,3600.332043
2019,3601.592887
2019,3602.700998
2019,3601.117466
2019,3601.566896
2019,3602.87282
2019,3601.457514
2019,3601.430286
2019,3600.390172
2019,3602.010749
2019,3601.458614
2019,3601.613095
2019,3601.82002
2019,3601.852421
2019,3601.003909
2019,3600.746431
2019,3601.019883
2019,3601.516148
2019,3601.306242
2019,3601.639029
2019,3602.765998
2019,3602.7632
2019,3604.057233
2019,3597.155013
2019,3600.303724
2019,3602.320341
2019,3600.380291
2019,3600.519863
2019,3600.745966
2019,3601.877358
2019,3603.316745
2019,3601.683519
2019,3603.012844
2019,3600.457321
2019,3603.219087
2019,3601.373852
2019,3602.854817
2019,3600.556903
2019,3600.86707
2019,3601.812238
2019,3600.930475
2019,3601.212109
2019,3600.204037
2019,3602.716238
2019,3602.919153
2019,3602.571354
2019,3603.581224
2019,3596.937699
2019,3601.897263
2019,3600.947589
2019,3600.666249
2019,3600.384903
2019,3602.731456
2019,3600.490925
2019,3601.664008
2019,3602.263607
2019,3600.528084
2019,3601.861186
2019,3601.853413
2019,3600.454906
2019,3601.395755
2019,3600.641528
2019,3602.625038
2019,3602.685018
2019,3600.838877
2019,3601.983175
2019,3601.214486
2019,3602.784434
2019,3601.62089
2019,3602.720543
2019,3605.498032
2019,3597.233987
2019,3600.93884
2019,3601.951716
2019,3601.346978
2019,3601.732872
2019,3601.133354
2019,3604.453168
2019,3599.9551
2019,3600.91903
2019,3602.366358
2019,3601.917186
2019,3635.062782
2019,7172.428541
2019,3602.950984
2019,3600.200929
2019,3601.806442
2019,3601.29715
2019,3602.618099
2019,3600.082361
2019,3601.688136
2019,3601.744594
2019,3602.683707
2019,3604.58337
2019,3597.205995
2019,3602.346441
2019,3602.341938
2019,3601.209432
2019,3601.459302
2019,3601.773289
2019,3603.3042
2019,3599.622703
2019,3602.752497
2019,3599.476699
2019,3601.983436
2019,3600.913749
2019,3602.892099
2019,3600.619201
2019,3600.371121
2019,3600.954275
2019,3602.376497
2019,3603.217497
2019,3601.523625
2019,3600.704379
2019,3602.935162
2019,3600.906122
2019,3601.17761
2019,3603.677343
2019,3597.299382
2019,3602.887124
2019,3602.699458
2019,3602.604412
2019,3600.171607
2019,3602.405807
2019,3602.874054
2019,3602.421513
2019,3599.756645
2019,3600.463259
2019,3602.497193
2019,3600.776029
2019,3602.844497
2019,3600.562892
2019,3602.806552
2019,3603.020982
2019,3602.834023
2019,3602.969041
2019,3602.007686
2019,3602.159905
2019,7203.230288
2019,3602.801481
2019,3605.568072
2019,3598.558132
2019,3602.794819
2019,3602.792236
2019,3602.701323
2019,3602.291132
2019,3602.461515
2019,3601.820131
2019,3602.619639
2019,3603.096862
2019,3601.963692
2019,3602.140793
2019,3602.845654
2019,3601.69644
2019,3602.842951
2019,3601.764211
2019,3601.780615
2019,3603.275465
2019,3601.122147
2019,3602.39452
2019,3601.908034
2019,3601.255674
2019,3600.84878
2019,3600.099489
2019,3606.310355
2019,3597.050488
2019,3603.027898
2019,3601.958843
2019,3601.475069
2019,3601.299443
2019,3603.484423
2019,3600.73793
2019,3603.566556
2019,3602.129185
2019,3600.89805
2019,3600.926279
2019,3600.74546
2019,3599.889988
2019,3602.315057
2019,3601.013852
2019,3600.32356
2019,3600.332759
2019,3600.955807
2019,3602.595891
2019,3602.758055
2019,3601.87452
2019,3600.694977
2019,3600.640886
2019,3605.151376
2019,3599.155327
2019,3602.71898
2019,3601.645027
2019,3602.790957
2019,3602.70419
2019,3600.278803
2019,3600.39782
2019,3600.582582
2019,3602.984912
2019,3602.268369
2019,3601.457387
2019,3601.274409
2019,3600.519047
2019,3602.192437
2019,3601.34294
2019,3601.376895
2019,3601.619243
2019,3600.86431
2019,3601.955037
2019,3600.683508
2019,3603.044638
2019,3600.11349
2019,3602.116634
2019,3603.434581
2019,3597.267932
2019,3602.73681
2019,3603.108898
2019,3601.227704
2019,3602.019173
2019,3600.580184
2019,3602.423222
2019,3601.965626
2019,3602.713357
2019,3601.58799
2019,3600.907645
2019,3601.783777
2019,3600.386682
2019,3602.830416
2019,3602.880266
2019,3601.470481
2019,3601.881281
2019,3602.632119
2019,3600.29953
2019,3603.473478
2019,3601.691815
2019,3600.429786
2019,3601.473502
2019,3604.896756
2019,3597.364758
2019,3601.144563
2019,3601.622464
2019,3600.984739
2019,3602.725604
2019,3600.549046
2019,3604.117942
2019,3601.322007
2019,3601.827603
2019,3601.758699
2019,3601.298775
2019,3600.902725
2019,3601.649813
2019,3602.744493
2019,3600.588214
2019,3602.412329
2019,3602.293747
2019,3602.475665
2019,3601.445047
2019,3599.287232
2019,3602.233783
2019,3602.765161
2020,3600.914329
2020,3602.863064
2020,3602.815869
2020,3602.359361
2020,3601.001529
2020,3600.198392
2020,3602.41152
2020,3602.540209
2020,3601.248275
2020,3602.870957
2020,3600.661208
2020,3600.285384
2020,3601.436574
2020,3603.305733
2020,3601.839776
2020,3600.60095
2020,3602.376831
2020,3603.886349
2020,3598.502532
2020,3600.540177
2020,3602.524593
2020,3602.923702
2020,3601.043247
2020,3601.552749
2020,3600.653576
2020,3602.686546
2020,3602.64252
2020,3602.683569
2020,3602.629737
2020,3601.314272
2020,3600.875869
2020,3600.92287
2020,3600.751489
2020,3602.554589
2020,3602.089385
2020,3601.260526
2020,3601.978365
2020,3603.200183
2020,3602.687483
2020,3601.475667
2020,3602.638307
2020,3601.418293
2020,3601.776648
2020,3602.503098
2020,3602.758049
2020,3600.108216
2020,3600.184661
2020,3603.205071
2020,3601.55151
2020,3601.251965
2020,3602.698594
2020,3601.315411
2020,3601.486469
2020,3601.688509
2020,3600.984116
2020,3600.152705
2020,3600.62104
2020,3601.551994
2020,3601.457326
2020,3601.308975
2020,3602.295926
2020,3600.905293
2020,3600.027673
2020,3601.074899
2020,3601.085837
2020,3603.941971
2020,3599.094301
2020,3601.647608
2020,3600.348048
2020,3602.833423
2020,3603.387956
2020,3601.22336
2020,3602.738132
2020,3602.456448
2020,3602.806869
2020,3600.372548
2020,3602.853237
2020,3600.811527
2020,3600.204294
2020,3602.922626
2020,3602.580673
2020,3602.570607
2020,3602.1213
2020,3598.960066
2020,3602.359495
2020,3600.462799
2020,3600.919732
2020,3601.136431
2020,3602.012841
2020,3600.366752
2020,3601.744357
2020,3603.275291
2020,3600.579049
2020,3601.899617
2020,3602.467831
2020,3601.441259
2020,3602.91161
2020,3601.141669
2020,3601.830993
2020,3601.90008
2020,3601.469319
2020,3603.058771
2020,3602.303691
2020,3602.384673
2020,3603.166038
2020,3602.724425
2020,3601.440952
2020,3600.796324
2020,3602.130131
2020,3601.301806
2020,3602.396343
2020,3600.45981
2020,3601.161157
2020,3600.510424
2020,3600.509157
2020,3600.269965
2020,3600.354994
2020,3601.427287
2020,3601.90015
2020,3602.453938
2020,3600.289483
2020,3601.436973
2020,3602.157757
2020,3602.04588
2020,3602.329574
2020,3602.907046
2020,3602.196382
2020,3602.420939
2020,3602.510212
2020,3600.318474
2020,3600.328403
2020,3601.969742
2020,3601.475015
2020,3602.750343
2020,3600.840744
2020,3601.66303
2020,3602.929111
2020,3601.254679
2020,3600.317204
2020,3602.851585
2020,3603.05676
2020,3600.499399
2020,3602.092715
2020,3602.332324
2020,3600.112947
2020,3600.421167
2020,3602.063196
2020,3602.662222
2020,3601.493709
2020,3601.194439
2020,3603.177669
2020,3601.619537
2020,3601.935595
2020,3601.369216
2020,3603.415664
2020,3600.053394
2020,3601.389726
2020,3602.258969
2020,3600.424746
2020,3600.974145
2020,3600.253065
2020,3602.422446
2020,3601.447697
2020,3601.722495
2020,3602.279027
2020,3602.534939
2020,3604.011364
2020,3599.081426
2020,3601.095077
2020,3601.926975
2020,3603.911592
2020,3600.896644
2020,3602.146037
2020,3601.990927
2020,3599.647821
2020,3601.996967
2020,3602.249299
2020,3601.196692
2020,3602.200773
2020,3602.329614
2020,3601.505125
2020,3600.613848
2020,3601.636961
2020,3603.148964
2020,3601.580939
2020,3602.993138
2020,3598.8194
2020,3600.4159
2020,3603.237119
2020,3602.483215
2020,3601.791364
2020,3602.427471
2020,3601.928287
2020,3602.227574
2020,3601.281107
2020,3601.298344
2020,3600.591152
2020,3600.676809
2020,3601.005464
2020,3602.004123
2020,3600.280364
2020,3602.620063
2020,3601.948093
2020,3602.752414
2020,3601.381975
2020,3603.410103
2020,3599.876581
2020,3602.435319
2020,3604.42561
2020,3601.058335
2020,3603.107816
2020,3601.724222
2020,3601.147595
2020,3604.258501
2020,3598.058023
2020,3602.281714
2020,3601.307978
2020,3601.368337
2020,3601.23913
2020,3600.996529
2020,3601.777022
2020,3601.381757
2020,3602.92988
2020,3601.248062
2020,3600.566435
2020,3601.162497
2020,3600.386128
2020,3602.415806
2020,3601.026811
2020,3600.368198
2020,3600.846255
2020,3602.270416
2020,3602.229755
2020,3601.477255
2020,3601.349338
2020,3600.416103
2020,3602.187674
2020,3601.950425
2020,3602.877968
2020,3602.459152
2020,3602.922905
2020,3601.52895
2020,3601.294862
2020,3602.012015
2020,3602.022446
2020,3602.435768
2020,3602.803238
2020,3602.509084
2020,3602.395586
2020,3600.465439
2020,3601.733806
2020,3601.562079
2020,3602.547454
2020,3601.841432
2020,3604.790698
2020,3601.434769
2020,3602.499844
2020,3600.164676
2020,3600.556451
2020,3602.156621
2020,3602.696947
2020,3601.116425
2020,3601.509595
2020,3600.960214
2020,3600.947312
2020,3601.064473
2020,3602.301565
2020,3602.724813
2020,3601.170246
2020,3602.000282
2020,3602.657548
2020,3602.5556
2020,3600.439723
2020,3604.476246
2020,3599.583243
2020,3601.532752
2020,3602.753501
2020,3599.277467
2020,3602.558629
2020,3601.057994
2020,3602.830116
2020,3601.165247
2020,3602.367297
2020,3600.227858
2020,3601.617537
2020,3601.835465
2020,3599.954393
2020,3603.896814
2020,3600.089846
2020,3600.588491
2020,3601.226038
2020,3602.480384
2020,3602.526671
2020,3601.418987
2020,3600.632248
2020,3603.417219
2020,3601.00081
2020,3600.561174
2020,3600.448683
2020,3602.202332
2020,3602.280582
2020,3602.844675
2020,3600.981834
2020,3602.11792
2020,3600.720608
2020,3602.920895
2020,3603.138434
2020,3602.21177
2020,3602.141153
2020,3601.299991
2020,3602.821515
2020,3602.28245
2020,3602.624061
2020,3601.514292
2020,3602.681038
2020,3601.930772
2020,3602.329669
2020,3602.883788
2020,3599.601921
2020,3602.641365
2020,3600.214295
2020,3602.76505
2020,3602.947208
2020,3601.42049
2020,3601.334768
2020,3602.111535
2020,3600.953494
2020,3601.041045
2020,3602.322525
2020,3602.76049
2020,3601.936096
2020,3602.231628
2020,3600.529006
2020,3601.703304
2020,3600.843714
2020,3602.798144
2020,3602.532222
2020,3601.434328
2020,3602.732906
2020,3600.128532
2020,3602.759317
2020,3603.493732
2020,3606.453316
2020,3597.238913
2020,3599.556483
2020,3602.015605
2020,3601.973084
2020,3602.429157
2020,3602.195582
2020,3602.749346
2020,3600.055507
2020,3601.797639
2020,3602.172368
2020,3604.98153
2020,3598.460465
2020,3602.628389
2020,3603.812889
2020,3599.156643
2020,3600.976298
2020,3603.136177
2020,3601.082278
2020,3601.963631
2020,3601.845444
2020,3602.203848
2020,3602.159424
2020,3601.88241
2020,3601.14717
2020,3600.382002
2020,3599.948447
2020,3602.969609
2020,3603.431338
2020,3601.355298
2020,3601.882224
2020,3602.407853
2020,3599.783001
2020,3601.601327
2020,3602.822681
2020,3601.215704
2020,3599.632725
2020,3601.285595
2020,3601.550567
2020,3603.779847
2020,3601.397808
2020,3600.257403
2020,3601.663032
2020,3602.10198
2020,3602.119315
2020,3604.154379
2020,3598.731617
2020,3602.012882
2020,3600.656997
2020,3602.771088
2020,3602.478949
2020,3602.971074
2020,3599.706313
2020,3601.003482
2020,3602.485858
2020,3600.778448
2020,3600.266962
2020,3601.13414
2020,3601.668749
2020,3602.156409
2020,3601.585312
2020,3602.715258
2020,3600.473639
2020,3602.669297
2020,3602.79087
2020,3603.41356
2020,3600.868371
2020,3600.564156
2020,3602.153896
2020,3601.484241
2020,3601.316686
2020,3604.027187
2020,3602.832839
2020,3599.742387
2020,3599.952957
2020,3601.31271
2020,3601.353525
2020,3600.794681
2020,3601.423979
2020,3603.171476
2020,3602.044466
2020,3602.108769
2020,3602.457249
2020,3599.709672
2020,3600.302877
2020,3602.659716
2020,3600.737327
2020,3601.3003
2020,3602.786534
2020,3601.626188
2020,3600.926887
2020,3601.550203
2020,3601.055769
2020,3602.07274
2020,3601.316193
2020,3600.811278
2020,3602.258237
2020,3600.105439
2020,3601.338409
2020,3604.607262
2020,3599.684468
2020,3601.088928
2020,3600.648426
2020,3600.999628
2020,3600.3264
2020,3600.739012
2020,3603.122937
2020,3600.193939
2020,3602.438784
2020,3602.257037
2020,3600.82768
2020,3602.934193
2020,3600.289585
2020,3601.128247
2020,3603.048995
2020,3604.125891
2020,3601.344554
2020,3600.702159
2020,3600.625346
2020,3601.310052
2020,3602.250013
2020,3602.360688
2020,3601.939842
2020,3602.223062
2020,3601.369001
2020,3600.887871
2020,3599.200294
2020,3600.751871
2020,3604.114196
2020,3601.086238
2020,3600.560629
2020,3602.262831
2020,3600.688146
2020,3601.318322
2020,3602.841688
2020,3601.848871
2020,3600.691356
2020,3602.632488
2020,3601.616227
2020,3602.225188
2020,3602.322073
2020,3599.781361
2020,3602.370338
2020,3602.516878
2020,3602.813432
2020,3602.628264
2020,3600.398964
2020,3600.616715
2020,3600.903225
2020,3602.342565
2020,3602.509465
2020,3600.775248
2020,3601.976275
2020,3600.087251
2020,3603.182813
2020,3599.722172
2020,3601.338844
2020,3600.074485
2020,3601.793129
2020,3602.792442
2020,3603.05677
2020,3601.072299
2020,3600.16166
2020,3602.97047
2020,3603.046591
2020,3604.392645
2020,3599.15675
2020,3602.273136
2020,3600.804568
2020,3601.505711
2020,3604.645904
2020,3601.165162
2020,3599.986128
2020,3601.1742
2020,3602.037425
2020,3604.233861
2020,3601.0408
2020,3600.35184
2020,3600.450301
2020,3599.967878
2020,3603.262373
2020,3600.513081
2020,3600.541536
2020,3603.088188
2020,3601.725058
2020,3602.328146
2020,3600.451874
2020,3602.793171
2020,3600.388094
2020,3602.250087
2020,3602.398521
2020,3601.035451
2020,3602.476017
2020,3601.013041
2020,3602.023292
2020,3603.433841
2020,3601.224743
2020,3600.82191
2020,3600.769716
2020,3601.624883
2020,3600.78453
2020,3601.567922
2020,3600.306004
2020,3601.646757
2020,3602.512109
2020,3599.892521
2020,3600.006263
2020,3601.822151
2020,3601.422431
2020,3601.532648
2020,3601.948262
2020,3602.013754
2020,3600.702803
2020,3600.321197
2020,3601.200145
2020,3602.333401
2020,3601.404268
2020,3601.685661
2020,3600.236949
2020,3602.9338
2020,3601.872277
2020,3601.357924
2020,3600.913186
2020,3602.163605
2020,3601.457192
2020,3602.207409
2020,3601.597431
2020,3600.826355
2020,3601.309331
2020,3602.559776
2020,3602.156222
2020,3601.000899
2020,3601.211881
2020,3600.13049
2020,3602.44878
2020,3601.223822
2020,3600.903641
2020,3601.552697
2020,3600.590838
2020,3602.874387
2020,3602.832801
2020,3602.101479
2020,3601.210557
2020,3603.58868
2020,3600.533087
2020,3600.4118
2020,3601.833404
2020,3600.567108
2020,3601.225597
2020,3601.824135
2020,3600.901878
2020,3601.855269
2020,3600.881034
2020,3600.235048
2020,3600.838283
2020,3604.430673
2020,3600.108764
2020,3600.515165
2020,3601.459251
2020,3601.98633
2020,3601.456231
2020,3600.484818
2020,3600.685699
2020,3601.105994
2020,3601.363277
2020,3602.08746
2020,3601.581274
2020,3602.044025
2020,3602.7477
2020,3602.758504
2020,3603.090245
2020,3600.960141
2020,3600.101691
2020,3602.518214
2020,3601.56569
2020,3601.553208
2020,3601.985973
2020,3599.862513
2020,3601.920321
2020,3602.863461
2020,3598.787773
2020,3602.14176
2020,3600.233438
2020,3600.020654
2020,3603.080889
2020,3600.739081
2020,3600.904803
2020,3603.626016
2020,3600.107699
2020,3602.912053
2020,3601.499955
2020,3601.703028
2020,3602.816559
2020,3601.095891
2020,3602.507412
2020,3601.544704
2020,3601.568909
2020,3602.728372
2020,3601.405426
2020,3600.32364
2020,3601.597224
2020,3601.962835
2020,3601.382406
2020,3601.183153
2020,3602.567779
2020,3600.605434
2020,3600.400093
2020,3601.129758
2020,3601.193433
2020,3600.582341
2020,3600.92536
2020,3602.548403
2020,3600.36627
2020,3602.060534
2020,3602.149475
2020,3601.190225
2020,3600.779443
2020,3601.731485
2020,3601.061654
2020,3602.930932
2020,3601.361681
2020,3601.31421
2020,3603.348524
2020,3603.472336
2020,3602.219164
2020,3600.374769
2020,3600.346742
2020,3602.652451
2020,3601.440383
2020,3601.978787
2020,3602.137892
2020,3600.789276
2020,3600.459007
2020,3600.307489
2020,3601.45953
2020,3602.277989
2020,3601.535409
2020,3600.01889
2020,3601.996983
2020,3601.780522
2020,3600.821494
2020,3601.269861
2020,3602.73262
2020,3600.729099
2020,3602.766841
2020,3601.919099
2020,3600.883141
2020,3602.070072
2020,3602.305914
2020,3602.20669
2020,3599.757646
2020,3602.631722
2020,3602.636652
2020,3600.945034
2020,3601.778499
2020,3598.296235
2020,3600.832128
2020,3602.402506
2020,3602.593904
2020,3601.402357
2020,3600.737375
2020,3602.551358
2020,3601.86008
2020,3602.174351
2020,3600.925384
2020,3601.089034
2020,3601.026133
2020,3601.052009
2020,3601.262513
2020,3600.921361
2020,3600.551142
2020,3601.133219
2020,3603.241502
2020,3601.228194
2020,3600.891964
2020,3601.595851
2020,3600.960037
2020,3601.15099
2020,3603.429191
2020,3598.863151
2020,3603.13082
2020,3599.693704
2020,3603.543829
2020,3601.279098
2020,3602.85173
2020,3600.6553
2020,3600.098583
2020,3602.396305
2020,3601.548234
2020,3601.121065
2020,3603.112865
2020,7203.965357
2020,3600.998753
2020,3601.077692
2020,3601.380743
2020,3600.089132
2020,3603.055796
2020,3602.660821
2020,3601.763703
2020,3601.183803
2021,3601.436512
2021,3600.479504
2021,3602.949164
2021,3600.449713
2021,3600.505966
2021,3603.126856
2021,3601.624605
2021,3600.536524
2021,3601.220771
2021,3603.216609
2021,3600.079793
2021,3602.107675
2021,3601.799589
2021,3602.840483
2021,3601.479221
2021,3600.648676
2021,3601.019012
2021,3602.625293
2021,3603.03987
2021,3603.117421
2021,3602.910677
2021,3600.92809
2021,3601.108567
2021,3601.135402
2021,3601.153508
2021,3600.87411
2021,3600.484736
2021,3600.790332
2021,3602.504752
2021,3601.326118
2021,3602.170641
2021,3603.420656
2021,3600.741372
2021,3601.288303
2021,3601.004091
2021,3602.214003
2021,3600.312969
2021,3601.756143
2021,3602.608438
2021,3602.402703
2021,3601.462327
2021,3601.956134
2021,3602.054101
2021,3601.583719
2021,3600.931303
2021,3601.231783
2021,3601.163158
2021,3603.03223
2021,3600.194838
2021,3601.253919
2021,3601.402772
2021,3601.741273
2021,3600.962
2021,3603.030054
2021,3601.066266
2021,3602.324624
2021,3602.180747
2021,3600.61303
2021,3601.806578
2021,3601.388036
2021,3601.972862
2021,3600.788429
2021,3601.587452
2021,3602.61928
2021,3601.70531
2021,3601.680274
2021,3602.528747
2021,3601.302075
2021,3601.424749
2021,3600.443328
2021,3602.507965
2021,3603.135208
2021,3601.639146
2021,3602.192644
2021,3600.692435
2021,3601.362253
2021,3602.668324
2021,3601.127003
2021,3602.582235
2021,3601.409336
2021,3600.585453
2021,3600.205717
2021,3600.407627
2021,3600.809263
2021,3600.075761
2021,3600.820903
2021,3600.992082
2021,3600.913001
2021,3601.644752
2021,10805.312181
2021,3602.524717
2021,3600.81285
2021,3600.358402
2021,3603.259321
2021,3602.928126
2021,3602.070971
2021,3605.824047
2021,3598.4081
2021,3602.536503
2021,3600.922132
2021,3600.832749
2021,3601.18915
2021,3603.53192
2021,3601.883092
2021,3602.456018
2021,3602.369155
2021,3602.475591
2021,3602.78252
2021,3601.817201
2021,3602.967884
2021,3601.921861
2021,3600.478612
2021,3600.603843
2021,3602.514382
2021,3600.767964
2021,3602.005378
2021,3602.682355
2021,3602.623763
2021,3601.411355
2021,3603.455471
2021,3601.170194
2021,3602.193867
2021,3601.340804
2021,3603.311006
2021,3600.011686
2021,3601.831512
2021,3600.605644
2021,3603.063594
2021,3600.725365
2021,3600.821829
2021,3601.464113
2021,3601.31583
2021,3601.536541
2021,3600.946436
2021,3602.010228
2021,3601.017612
2021,3602.264947
2021,3601.497801
2021,3601.220036
2021,3600.825319
2021,3601.541534
2021,3603.083087
2021,3602.222331
2021,3600.589094
2021,3602.369904
2021,3601.936594
2021,3601.763204
2021,3600.863037
2021,3602.319242
2021,3601.102669
2021,3602.657813
2021,3602.224323
2021,3601.560788
2021,3602.737677
2021,3601.368441
2021,3602.954273
2021,3603.224881
2021,3600.885643
2021,3599.63266
2021,3602.500496
2021,3601.896265
2021,3600.22846
2021,3600.583124
2021,3600.719907
2021,3600.69076
2021,3608.022146
2021,3603.15898
2021,3602.710439
2021,3600.701075
2021,3605.187358
2021,3601.676738
2021,3600.171486
2021,3600.626539
2021,3600.589056
2021,3603.095131
2021,3603.160711
2021,3602.855805
2021,3601.426403
2021,3600.190824
2021,3601.578969
2021,3601.772731
2021,3601.149549
2021,3602.947443
2021,3601.106739
2021,3602.401383
2021,3602.589222
2021,3600.658675
2021,3601.028066
2021,3602.658155
2021,3607.346645
2021,3601.256764
2021,3601.061581
2021,3603.049624
2021,3601.732184
2021,3602.206289
2021,3602.848527
2021,3600.480726
2021,3602.723639
2021,3601.549537
2021,3600.615546
2021,3603.484845
2021,3604.386831
2021,3601.532722
2021,3603.947102
2021,3604.02001
2021,3601.936266
2021,3603.577625
2021,3604.510048
2021,3602.38924
2021,3602.295602
2021,3602.781788
2021,3602.948083
2021,3600.525329
2021,3602.777866
2021,3602.733502
2021,3601.881875
2021,3601.536707
2021,3600.568012
2021,3600.237909
2021,3601.309588
2021,3603.128369
2021,3602.315799
2021,3601.952108
2021,3601.857034
2021,3601.931388
2021,3601.59339
2021,3600.852503
2021,3603.291044
2021,3601.728446
2021,3600.778635
2021,3601.628991
2021,3600.498124
2021,3600.919857
2021,3605.43647
2021,3597.921236
2021,3602.246925
2021,3603.02452
2021,3602.080121
2021,3601.207358
2021,3600.873671
2021,3600.753761
2021,3603.000573
2021,3602.462142
2021,3601.314906
2021,3600.271677
2021,3602.128856
2021,3600.655964
2021,3602.831558
2021,3602.678079
2021,3601.644262
2021,3600.189764
2021,3600.474931
2021,3600.355862
2021,3601.350263
2021,3600.732728
2021,3602.270117
2021,3601.61921
2021,3602.048813
2021,3602.642353
2021,3601.994941
2021,3600.518299
2021,3602.066801
2021,3600.268406
2021,3600.134148
2021,3601.717502
2021,3600.391969
2021,3602.512907
2021,3601.201326
2021,3600.293983
2021,3601.297554
2021,3600.993681
2021,3599.885575
2021,3601.540115
2021,3603.114477
2021,3603.086524
2021,3602.315003
2021,3603.148554
2021,3601.942926
2021,3603.237203
2021,3600.644642
2021,3601.642095
2021,3600.985279
2021,3601.596568
2021,3603.00512
2021,3602.420725
2021,3613.456961
2021,3589.846042
2021,3601.369686
2021,3605.400713
2021,3597.032411
2021,3604.714112
2021,3602.701295
2021,3600.674932
2021,3603.184865
2021,3600.669295
2021,3602.611095
2021,3601.88626
2021,3601.412899
2021,3601.764756
2021,3602.808658
2021,3601.184131
2021,3601.046753
2021,3600.846606
2021,3601.328319
2021,3602.475457
2021,3602.016932
2021,3600.683619
2021,3603.041183
2021,3600.691177
2021,3600.603873
2021,3601.740101
2021,3601.682055
2021,3600.243553
2021,3602.159408
2021,3602.982909
2021,3603.377577
2021,3601.890772
2021,3601.371782
2021,3600.162032
2021,3601.138209
2021,3600.843701
2021,3604.530362
2021,3596.940038
2021,3602.477104
2021,3601.373014
2021,3602.262417
2021,3602.90363
2021,3601.562891
2021,3601.29022
2021,3601.599298
2021,3602.369108
2021,3601.529601
2021,3601.566816
2021,3600.661481
2021,3602.605376
2021,3602.061781
2021,3600.58861
2021,3603.042345
2021,3600.643011
2021,3602.028617
2021,3600.7134
2021,3602.461738
2021,3602.685767
2021,3602.105122
2021,3601.813832
2021,3601.13168
2021,3601.644965
2021,3602.452526
2021,3600.133454
2021,3600.839471
2021,3600.354768
2021,3601.208751
2021,3600.86098
2021,3603.531971
2021,3601.486778
2021,3603.124971
2021,3600.293966
2021,3602.792843
2021,3612.288189
2021,3590.967855
2021,3603.163529
2021,3602.850236
2021,3603.337491
2021,3601.10555
2021,3603.212395
2021,3602.119518
2021,3601.208504
2021,3600.411348
2021,3602.251331
2021,3601.599624
2021,3599.882183
2021,3602.432521
2021,3601.953322
2021,3601.376686
2021,3600.72615
2021,3601.850007
2021,3601.581375
2021,3600.420371
2021,3599.923627
2021,3603.892782
2021,3601.530009
2021,3601.016685
2021,3600.335048
2021,7202.216898
2021,3603.235278
2021,3600.814709
2021,3602.452039
2021,3600.677972
2021,3600.130544
2021,3601.629329
2021,3603.11568
2021,3602.263145
2021,3600.425851
2021,3601.233419
2021,3603.396863
2021,3601.320264
2021,3602.707618
2021,3600.694345
2021,3601.836804
2021,3600.299518
2021,3601.477962
2021,3602.993154
2021,3600.435678
2021,3600.82061
2021,3602.13612
2021,3601.348009
2021,3602.66512
2021,3602.117156
2021,3601.818593
2021,3600.693553
2021,3603.3639
2021,3600.203261
2021,3602.209575
2021,3600.050649
2021,3602.006584
2021,3602.771633
2021,3600.942487
2021,3600.217607
2021,3601.631176
2021,3601.262454
2021,3601.013592
2021,3600.428087
2021,3601.57201
2021,3602.468211
2021,3602.18593
2021,3600.474526
2021,3601.887336
2021,3601.769628
2021,3600.643524
2021,3604.754496
2021,3600.689013
2021,3600.941757
2021,3601.659587
2021,3602.677806
2021,3602.498011
2021,3601.96985
2021,3601.87951
2021,3600.290162
2021,3601.905543
2021,3601.75909
2021,3603.420384
2021,3601.470154
2021,3603.346195
2021,3601.996903
2021,3602.30491
2021,3600.967992
2021,3600.300489
2021,3601.800406
2021,3601.615282
2021,3601.910378
2021,3601.30742
2021,3600.893746
2021,3602.205994
2021,3601.058289
2021,3602.446451
2021,3602.853858
2021,3602.753537
2021,3602.62716
2021,3603.759973
2021,3601.296014
2021,3600.617674
2021,3602.350752
2021,3602.932563
2021,3602.251208
2021,3599.887745
2021,3601.998363
2021,3601.795739
2021,3600.773604
2021,3600.771117
2021,3601.409611
2021,3601.076716
2021,3601.600214
2021,3603.18499
2021,3601.706916
2021,3602.202835
2021,3601.140882
2021,3601.324576
2021,3600.530716
2021,3601.098846
2021,3600.474826
2021,3600.604018
2021,3602.459551
2021,3600.265247
2021,3600.790346
2021,3601.585248
2021,3603.336776
2021,3601.896649
2021,3600.962321
2021,3601.757185
2021,3602.478457
2021,3603.086244
2021,3600.117004
2021,3601.758767
2021,3602.778213
2021,3600.496741
2021,3602.252643
2021,3600.677938
2021,3601.494395
2021,3600.34802
2021,3600.788514
2021,3601.575542
2021,3600.156842
2021,3600.656704
2021,3602.368879
2021,3603.05484
2021,3600.912063
2021,3600.412267
2021,3600.454312
2021,3601.650638
2021,3600.956072
2021,3601.953596
2021,3600.371952
2021,3601.688688
2021,3600.836001
2021,3600.833689
2021,3601.31914
2021,3600.72013
2021,3602.227576
2021,3601.983306
2021,3602.021755
2021,3601.680144
2021,3601.967799
2021,3603.018352
2021,3601.063724
2021,3603.087263
2021,3602.429513
2021,3602.332974
2021,3600.763179
2021,3601.809534
2021,3600.358847
2021,3601.278527
2021,3600.680403
2021,3601.573782
2021,3602.677701
2021,3603.295076
2021,3600.64872
2021,3600.31516
2021,3602.155416
2021,3602.178777
2021,3602.47335
2021,3600.975469
2021,3602.902898
2021,3602.126993
2021,3600.304584
2021,3601.861568
2021,3600.208689
2021,3602.85429
2021,3601.695534
2021,3601.798852
2021,3601.402706
2021,3601.185504
2021,3600.26289
2021,3603.221179
2021,3601.7739
2021,3600.393256
2021,3602.300681
2021,3602.289967
2021,3602.160354
2021,3601.879807
2021,3602.878189
2021,3600.712295
2021,3601.384469
2021,3603.072392
2021,3601.266905
2021,3601.313575
2021,3603.046909
2021,3601.897104
2021,3601.364533
2021,3600.363604
2021,3602.65087
2021,3602.956552
2021,3600.506946
2021,3602.209095
2021,3601.818548
2021,3602.414534
2021,3602.003955
2021,3602.254433
2021,3602.150862
2021,3602.843268
2021,3602.437092
2021,3601.88843
2021,3601.724371
2021,3603.506701
2021,3601.893497
2021,3602.291702
2021,3601.198386
2021,3602.51074
2021,3600.171117
2021,3600.819167
2021,3601.662462
2021,3600.506716
2021,3601.832814
2021,3603.48679
2021,3600.553203
2021,3603.47533
2021,3601.701608
2021,3602.389792
2021,3602.194306
2021,3601.199312
2021,3601.799295
2021,3600.254473
2021,3600.929436
2021,3603.153496
2021,3601.420421
2021,3603.115089
2021,3600.127549
2021,3601.19224
2021,3599.755498
2021,3600.789994
2021,3602.448463
2021,3601.455047
2021,3600.982012
2021,3601.089429
2021,3601.668254
2021,3601.573662
2021,3601.876627
2021,3600.598939
2021,3601.163879
2021,3603.102698
2021,3603.750699
2021,3600.636643
2021,3600.737967
2021,3601.79682
2021,3602.912761
2021,3601.230257
2021,3603.138451
2021,3603.104446
2021,3600.811278
2021,3600.891135
2021,3601.603211
2021,3603.195953
2021,3601.745279
2021,3601.609239
2021,3603.117918
2021,3601.935782
2021,3600.147072
2021,3603.222414
2021,3600.341287
2021,3602.719523
2021,3601.013841
2021,3601.473399
2021,3602.917468
2021,3601.366366
2021,3602.229574
2021,3602.168953
2021,3603.249945
2021,3601.491115
2021,3600.936469
2021,3600.682328
2021,3602.577353
2021,3602.059243
2021,3602.190327
2021,3603.255478
2021,3601.451035
2021,3602.179119
2021,3602.113382
2021,3600.80486
2021,3601.147798
2021,3600.87173
2021,3602.214629
2021,3602.124136
2021,3602.912831
2021,3603.035215
2021,3602.551976
2021,3600.102993
2021,3601.189898
2021,3602.540799
2021,3601.280086
2021,3603.249398
2021,3602.031717
2021,3600.476794
2021,3601.606255
2021,3602.829497
2021,3601.578119
2021,3600.487407
2021,3602.874149
2021,3602.624947
2021,3602.134687
2021,3600.706525
2021,3600.971348
2021,3600.978896
2021,3601.603789
2021,3601.058138
2021,3601.802788
2021,3602.268766
2021,3601.732849
2021,3601.500509
2021,3602.792017
2021,3600.536351
2021,3600.91094
2021,3600.886435
2021,3600.398974
2021,3601.53795
2021,3600.77691
2021,3600.200635
2021,3600.027611
2021,3603.18329
2021,3602.202171
2021,3602.651178
2021,3601.276268
2021,3599.860618
2021,3601.313933
2021,3600.727449
2021,3600.311561
2021,3601.974728
2021,3601.403916
2021,3602.696277
2021,3601.358346
2021,3602.909373
2021,3600.939442
2021,3600.318844
2021,3603.048781
2021,3602.538807
2021,3602.982735
2021,3602.796151
2021,3601.307903
2021,3601.223761
2021,3601.754134
2021,3601.954463
2021,3603.260107
2021,3602.622721
2021,3602.953408
2021,3603.431513
2021,3602.419899
2021,3600.203006
2021,3601.921154
2021,3602.49386
2021,3601.60001
2021,3600.604607
2021,3601.334523
2021,3602.8197
2021,3600.539336
2021,3602.203896
2021,3600.811601
2021,3601.637551
2021,3603.024833
2021,3600.413473
2021,3602.458987
2021,3602.453747
2021,3603.246853
2022,3601.307496
2022,3601.807872
2022,3600.183703
2022,3602.923882
2022,3600.596124
2022,3600.195278
2022,3601.252349
2022,3601.920195
2022,3601.222203
2022,3602.2982
2022,3600.725979
2022,3600.301866
2022,3601.51417
2022,3602.104921
2022,3601.841636
2022,3601.300544
2022,3602.071298
2022,3603.224854
2022,3600.726119
2022,3601.338901
2022,3602.958061
2022,3601.819184
2022,3602.375801
2022,3602.586864
2022,3600.364949
2022,3602.518763
2022,3600.442927
2022,3602.589659
2022,3602.084053
2022,3603.049323
2022,3602.508945
2022,3600.190524
2022,3602.700647
2022,3600.831306
2022,3600.316569
2022,3602.817155
2022,3600.757439
2022,3602.01257
2022,3602.235301
2022,3603.371618
2022,3601.582516
2022,3600.843223
2022,3600.823645
2022,3600.286365
2022,3600.612089
2022,3602.065176
2022,3601.677947
2022,3602.613227
2022,3601.242817
2022,3600.345283
2022,3601.962639
2022,3600.421992
2022,3600.271415
2022,3601.238951
2022,3601.776076
2022,3602.074858
2022,3602.439304
2022,3602.742414
2022,3602.989949
2022,3600.3784
2022,3602.976307
2022,3602.396641
2022,3600.942928
2022,3600.918775
2022,3602.73314
2022,3603.204331
2022,3600.165815
2022,3600.919907
2022,3600.722757
2022,3601.894063
2022,3601.56731
2022,3603.389605
2022,3601.438568
2022,3601.99939
2022,3601.813611
2022,3601.634281
2022,3603.236967
2022,3601.318009
2022,3601.991738
2022,3602.646542
2022,3601.869011
2022,3601.474314
2022,3602.942566
2022,3602.278942
2022,3602.242225
2022,3601.55664
2022,3600.684119
2022,3600.184161
2022,3600.99959
2022,3602.751623
2022,3600.494712
2022,3601.930645
2022,3600.977904
2022,3601.589401
2022,3600.913844
2022,3600.31147
2022,3600.933621
2022,3600.714555
2022,3602.887998
2022,3601.391025
2022,3605.657658
2022,3600.232533
2022,3601.097747
2022,3602.761635
2022,3601.582021
2022,3603.014462
2022,3600.533711
2022,3602.298468
2022,3601.923402
2022,3602.144033
2022,3602.937697
2022,3601.680099
2022,3601.169954
2022,3602.786259
2022,3600.229146
2022,3602.739814
2022,3600.202139
2022,3601.007315
2022,3602.597717
2022,3601.817169
2022,3601.60348
2022,3600.677007
2022,3601.019246
2022,3600.87336
2022,3602.574433
2022,3602.495229
2022,3602.566219
2022,3603.271126
2022,3600.163172
2022,3602.804485
2022,3601.127279
2022,3602.899837
2022,3602.686478
2022,3600.925497
2022,3602.862522
2022,3601.341527
2022,3600.818403
2022,3602.491368
2022,3603.150011
2022,3601.232392
2022,3601.427428
2022,3602.867147
2022,3601.089698
2022,3600.248194
2022,3601.531853
2022,3601.497908
2022,3600.598516
2022,3601.77184
2022,3601.573889
2022,3600.176295
2022,3602.205356
2022,3602.740064
2022,3603.962327
2022,3602.189042
2022,3600.040168
2022,3602.784914
2022,3603.018538
2022,3601.666939
2022,3601.663047
2022,3601.400187
2022,3602.271703
2022,3602.777744
2022,3601.894875
2022,3602.313875
2022,3601.930166
2022,3601.117718
2022,3601.016896
2022,3602.569913
2022,3600.906303
2022,3599.991102
2022,3600.470368
2022,3602.722368
2022,3601.026754
2022,3602.475736
2022,3601.551275
2022,3602.259343
2022,3602.110378
2022,3602.684629
2022,3602.664576
2022,3600.667362
2022,3600.495671
2022,3602.69935
2022,3602.637086
2022,3602.028798
2022,3603.267042
2022,3602.733071
2022,3602.239567
2022,3601.749914
2022,3602.847064
2022,3601.699973
2022,3602.007724
2022,3601.416739
2022,3601.227731
2022,3600.592407
2022,3602.652682
2022,3603.49902
2022,3601.613345
2022,3602.7789
2022,3601.284577
2022,3602.397071
2022,3600.095099
2022,3602.273025
2022,3601.195211
2022,3601.346469
2022,3602.047906
2022,3601.157778
2022,3600.768122
2022,3601.576479
2022,3600.0768
2022,3600.479586
2022,3603.475158
2022,3602.032489
2022,3601.502968
2022,3601.541791
2022,3600.442464
2022,3601.900636
2022,3603.140064
2022,3601.253138
2022,3600.737346
2022,3600.092853
2022,3601.259571
2022,3600.288531
2022,3602.111336
2022,3603.417808
2022,3601.051367
2022,3601.778397
2022,3600.669284
2022,3601.95326
2022,3600.472832
2022,3602.027278
2022,3602.276678
2022,3602.036616
2022,3603.05319
2022,3600.607866
2022,3601.340006
2022,3601.984045
2022,3602.432604
2022,3602.230286
2022,3601.274047
2022,3606.45313
2022,3597.749056
2022,3601.858051
2022,3600.964971
2022,3602.702407
2022,3600.312157
2022,3602.481922
2022,3602.388595
2022,3602.006739
2022,3602.705814
2022,3602.395193
2022,3602.71397
2022,3601.518687
2022,3600.696896
2022,3602.249692
2022,3603.449185
2022,3602.752727
2022,3602.183373
2022,3601.529839
2022,3600.030707
2022,3600.491849
2022,3601.042943
2022,3600.980411
2022,3603.333771
2022,3602.469191
2022,3601.019822
2022,3601.98914
2022,3603.052717
2022,3601.056257
2022,3601.060143
2022,3602.670449
2022,3601.803522
2022,3601.622531
2022,3601.100053
2022,3601.118218
2022,3600.753197
2022,3601.982925
2022,3600.997788
2022,3602.678649
2022,3603.819243
2022,3600.49332
2022,3603.216701
2022,3601.004105
2022,3600.427911
2022,3602.148273
2022,3600.079928
2022,3601.874817
2022,3601.54353
2022,3602.490884
2022,3601.160441
2022,3601.137518
2022,3602.453242
2022,3602.977622
2022,3602.579373
2022,3601.310556
2022,3602.732474
2022,3602.936668
2022,3602.164331
2022,3601.138661
2022,3600.412841
2022,3602.407213
2022,3603.092036
2022,3602.633645
2022,3603.236587
2022,3602.856795
2022,3603.395342
2022,3600.851252
2022,3602.017127
2022,3600.704957
2022,3602.672524
2022,3602.121571
2022,3601.394859
2022,3600.897637
2022,3601.45395
2022,3602.364325
2022,3602.162227
2022,3601.490614
2022,3600.639839
2022,3602.008993
2022,3601.447365
2022,3600.606934
2022,3601.765808
2022,3600.091818
2022,3602.519259
2022,3602.342877
2022,7204.110187
2022,3602.653469
2022,3601.683651
2022,3603.026625
2022,3601.614034
2022,3601.862809
2022,3601.507805
2022,3603.078304
2022,3602.828981
2022,3602.561561
2022,3601.01539
2022,3602.33672
2022,3600.752293
2022,3600.456839
2022,3601.017098
2022,3600.347904
2022,3600.135563
2022,3603.098925
2022,3600.458395
2022,3603.303997
2022,3599.949678
2022,3600.924913
2022,3602.381244
2022,3601.883784
2022,3601.365129
2022,3602.943343
2022,3601.433129
2022,3601.353877
2022,3602.096949
2022,3602.171996
2022,3602.959425
2022,3600.316299
2022,3602.200579
2022,3602.434029
2022,3601.706991
2022,3603.298911
2022,3602.140874
2022,3602.42855
2022,3601.50992
2022,3600.552129
2022,3601.757268
2022,3602.003657
2022,3602.040009
2022,3600.999093
2022,3602.5064
2022,3602.098912
2022,3603.038915
2022,3601.244858
2022,3600.638402
2022,3600.145636
2022,3602.440631
2022,3602.855682
2022,3600.836188
2022,3601.504967
2022,3603.169572
2022,3600.248959
2022,3602.604792
2022,3605.497656
2022,3599.60355
2022,3600.065698
2022,3602.715229
2022,3599.932143
2022,3602.354315
2022,3600.669871
2022,3600.722522
2022,3602.235753
2022,3601.141127
2022,3602.7955
2022,3602.301925
2022,3601.814929
2022,3600.330571
2022,3602.589373
2022,3602.1042
2022,3601.264278
2022,3601.730781
2022,3602.578252
2022,3603.028445
2022,3599.982841
2022,3602.6505
2022,3601.856059
2022,3600.987498
2022,3601.876626
2022,3601.779925
2022,3602.463098
2022,3600.88667
2022,3601.318944
2022,3606.325999
2022,3600.217571
2022,3602.159632
2022,3601.757364
2022,3601.130662
2022,3603.132036
2022,3600.214748
2022,3600.790751
2022,3602.256422
2022,3600.992573
2022,3602.748885
2022,3602.422387
2022,3600.486433
2022,3601.364195
2022,3600.694963
2022,3600.22863
2022,3602.925596
2022,3602.849542
2022,3602.876494
2022,3600.131829
2022,3600.982109
2022,3601.308142
2022,3600.140746
2022,3600.270447
2022,3602.867076
2022,3602.392984
2022,3602.195856
2022,3602.306368
2022,3602.515283
2022,3600.498383
2022,3602.231019
2022,3601.007352
2022,3602.684937
2022,3603.227356
2022,3602.526869
2022,3601.469231
2022,3600.83941
2022,3601.933519
2022,3601.036745
2022,3602.694105
2022,3601.342117
2022,3601.923384
2022,3602.989519
2022,3601.250186
2022,3602.459221
2022,3602.361561
2022,3602.631729
2022,3603.016878
2022,3602.870874
2022,3601.828573
2022,3602.03597
2022,3600.608344
2022,3601.204814
2022,3602.797953
2022,3600.81755
2022,3601.773443
2022,3601.210369
2022,3600.394847
2022,3602.811879
2022,3600.755301
2022,3601.568316
2022,3602.33706
2022,3603.304324
2022,3600.685643
2022,3602.914442
2022,3601.722453
2022,3601.817935
2022,3600.587845
2022,3602.45181
2022,3600.405496
2022,3600.724671
2022,3600.210911
2022,3601.281237
2022,3602.71574
2022,3602.572725
2022,3600.443031
2022,3602.249145
2022,3601.027421
2022,3602.634633
2022,3600.382807
2022,3601.610052
2022,3600.558241
2022,3601.351925
2022,3602.83244
2022,3602.607168
2022,3603.640989
2022,3601.8187
2022,3601.955345
2022,3602.540938
2022,3601.709601
2022,3600.931889
2022,3602.814079
2022,3600.650132
2022,3601.576585
2022,3603.340507
2022,3601.50316
2022,3603.083204
2022,3602.807717
2022,3600.685363
2022,3601.917425
2022,3600.110129
2022,3601.75282
2022,3603.167917
2022,3602.492112
2022,3600.870843
2022,3601.30905
2022,3601.730816
2022,3600.856435
2022,3601.702154
2022,3600.396267
2022,3601.425069
2022,3600.892834
2022,3600.285741
2022,3603.060527
2022,3602.946932
2022,3600.77123
2022,3601.713356
2022,3601.250232
2022,3600.441975
2022,3601.961802
2022,3602.330587
2022,3601.733552
2022,3601.298552
2022,3602.499923
2022,3600.838616
2022,3601.989502
2022,3602.247351
2022,3602.373536
2022,3601.762005
2022,3603.159453
2022,3601.827675
2022,3603.138174
2022,3603.101232
2022,3602.928643
2022,3602.886493
2022,3602.784406
2022,3602.771819
2022,3603.285078
2022,3602.939216
2022,3600.778275
2022,3602.519836
2022,3600.476933
2022,3600.280209
2022,3600.590912
2022,3602.753158
2022,3601.571378
2022,3600.834092
2022,3601.279637
2022,3602.680291
2022,3601.072832
2022,3601.725281
2022,3601.840293
2022,3600.911027
2022,3602.663606
2022,3602.192851
2022,3602.944456
2022,3602.439699
2022,3601.203974
2022,3602.962528
2022,3600.432047
2022,3602.067492
2022,3602.423433
2022,3602.925624
2022,3600.553776
2022,3602.716349
2022,3600.14253
2022,3602.273751
2022,3602.178684
2022,3600.386137
2022,3602.956795
2022,3602.594518
2022,3600.895199
2022,3602.707492
2022,7205.831373
2022,3602.485125
2022,3600.644404
2022,3602.893392
2022,3600.785149
2022,3601.376701
2022,3602.016449
2022,3600.611931
2022,3600.17053
2022,3603.206284
2022,3602.359171
2022,3600.382037
2022,3601.263928
2022,3602.564295
2022,3600.928889
2022,10804.240366
2022,3602.800611
2022,3602.58204
2022,3600.606288
2022,3600.831736
2022,3601.568989
2022,3602.897609
2022,3602.763786
2022,3600.871565
2022,3603.472219
2022,3601.665096
2022,3603.523808
2022,3602.475177
2022,3601.781073
2022,3602.787981
2022,3602.253967
2022,3601.242215
2022,3602.804572
2022,3600.67327
2022,3601.970338
2022,3602.764886
2022,3626.792913
2022,3577.418499
2022,3601.703878
2022,3600.972154
2022,3602.69558
2022,3601.347332
2022,3602.91766
2022,3602.325624
2022,3601.898239
2022,3600.462306
2022,3602.375795
2022,3602.498412
2022,3602.56672
2022,3600.672736
2022,3601.15266
2022,3602.236062
2022,3602.794365
2022,3602.536389
2022,3600.389136
2022,3600.929957
2022,3601.609735
2022,3601.580912
2022,3601.668763
2022,3601.452172
2022,3602.764485
2022,3600.377855
2022,3602.239087
2022,3602.515453
2022,3601.247485
2022,3601.63462
2022,3602.084078
2022,3602.35371
2022,3600.611867
2022,3600.438735
2022,3602.172445
2022,3602.153212
2022,3602.842196
2022,3600.741247
2022,3600.817326
2022,3602.371221
2022,3603.027087
2022,3601.824694
2022,3603.411123
2022,3601.55175
2022,3603.238538
2022,3602.813927
2022,3600.223633
2022,3601.741268
2022,3600.860595
2022,3602.617144
2022,3601.132575
2022,3602.113287
2022,3601.106181
2022,3601.628896
2022,3601.54716
2022,3600.686645
2022,3601.953385
2022,3603.038213
2022,3602.075517
2022,3600.053429
2022,3600.382116
2022,3602.682047
2022,3602.653762
2022,3600.391281
2022,3601.621439
2022,3603.04554
2022,3603.039037
2022,3601.813872
2022,3602.356594
2022,3601.137997
2022,3600.174676
2022,3601.087839
2022,3602.058451
2022,3601.802635
2022,3600.362884
2022,3601.646405
2022,3600.76314
2022,3601.646809
2022,3600.906129
2022,3600.36735
2022,3602.554808
2022,3600.580692
2022,3600.664256
2022,3601.666929
2022,3600.585869
2022,3601.6974
2022,3601.584083
2022,3602.970654
2022,3603.079206
2022,3601.421115
2022,3602.383584
2022,3600.406823
2022,3601.031133
2022,3602.318184
2022,3603.004347
2022,3601.987242
2022,3603.443663
2022,3601.29923
2022,3601.253598
2022,3601.900654
2022,3603.014755
2022,3601.449608
2022,3600.194018
2022,3601.164913
2022,3600.086874
2022,3601.99842
2022,3601.595009
2022,3603.145118
2022,3602.0611
2022,3601.089934
2022,3601.360856
2022,3601.411338
2022,3600.382924
2022,3601.826658
2022,3600.193096
2022,3603.145221
2022,3601.585457
2022,3601.774033
2022,3601.32358
2022,3601.941066
